Razao_Social;UF;Total_Despesas;Media_Trimestral;Desvio_Padrao
OPERADORA TESTE 534 LTDA;SP;171670062335,06;964438552,4441572;2423432752,9397197
OPERADORA TESTE 533 LTDA;BA;110441804034,65;419930813,81996197;1201310543,7038763
OPERADORA TESTE 688 LTDA;RJ;89461942176,65;379076026,17224574;1144175044,72536
OPERADORA TESTE 7 LTDA;BA;47849689053,29;281468759,137;732946161,6995676
OPERADORA TESTE 87 LTDA;RJ;41133888392,19;131839385,87240386;427264803,3717042
OPERADORA TESTE 642 LTDA;PE;34085567000,84;145044965,96102127;415212382,7286588
OPERADORA TESTE 229 LTDA;PE;32269774887,559998;307331189,4053333;710983459,9973826
OPERADORA TESTE 479 LTDA;MG;31972863466,03;190314663,4882738;486044962,2111255
OPERADORA TESTE 434 LTDA;BA;22646950146,14;72586378,67352565;243896378,25662738
OPERADORA TESTE 185 LTDA;SP;18680678210,16;214720439,19724137;478302604,2903374
OPERADORA TESTE 271 LTDA;MG;17763138431,32;136639526,39476922;317569432,2575722
OPERADORA TESTE 506 LTDA;PR;16990963452,17;98784671,23354651;269673450,65315527
OPERADORA TESTE 43 LTDA;SP;14262887533,050001;91428766,23750001;240476001,4738398
OPERADORA TESTE 334 LTDA;BA;13811330628,23;48976349,74549645;162728344,13692793
OPERADORA TESTE 174 LTDA;PR;13404932735,99;52775325,7322441;157113043,31337884
OPERADORA TESTE 671 LTDA;SP;11554303638,76;39034809,590405405;146757389,4234374
OPERADORA TESTE 549 LTDA;SC;10220110745,91;44825047,13118421;136678712,60380554
OPERADORA TESTE 398 LTDA;PR;9147083070,79;54124751,89816569;146311775,5605573
OPERADORA TESTE 54 LTDA;BA;8912028676,51;99022540,85011111;182301411,02129778
OPERADORA TESTE 29 LTDA;PR;8230295869,11;66373353,78314516;166627608,37831452
OPERADORA TESTE 3 LTDA;RS;8218432352,809999;39135392,156238094;110842069,1296713
OPERADORA TESTE 62 LTDA;RS;7715356540,93;56730562,800955884;147105975,14210644
OPERADORA TESTE 405 LTDA;RS;6987203160,7;118427172,21525423;225966288,71400836
OPERADORA TESTE 556 LTDA;PE;6616086917,13;64233853,56436893;143307313,14783186
OPERADORA TESTE 417 LTDA;BA;6494293791,7;59580676,98807339;113080673,64533783
OPERADORA TESTE 462 LTDA;PE;6289468881,97;47289239,71406015;119291493,11937283
OPERADORA TESTE 171 LTDA;PE;6267402039,76;41782680,26506667;103563650,25030951
OPERADORA TESTE 421 LTDA;BA;6190979853,88;23014794,995836433;74784466,5738013
OPERADORA TESTE 13 LTDA;MG;5819911276,86;15944962,402356163;52878852,715170264
OPERADORA TESTE 264 LTDA;BA;5681395630,17;40009828,381478876;97892666,28203008
OPERADORA TESTE 453 LTDA;RJ;5622843871,150001;127791906,16250001;322287031,84663534
OPERADORA TESTE 214 LTDA;RJ;4892666443,81;32836687,542348996;77407675,90495726
OPERADORA TESTE 670 LTDA;RJ;4734312950,54;27686040,64643275;72737117,71893649
OPERADORA TESTE 647 LTDA;SC;4626109221,08;24738551,984385025;63776777,27188883
OPERADORA TESTE 729 LTDA;SP;4584502562,08;24781094,93016216;64386551,87492334
OPERADORA TESTE 408 LTDA;BA;4540911981,35;22369024,53866995;57348274,20407393
OPERADORA TESTE 40 LTDA;RJ;4455587874,53;32286868,65601449;91341604,59360014
OPERADORA TESTE 217 LTDA;BA;4348448807,22;45296341,741875;95926393,01585375
OPERADORA TESTE 638 LTDA;RS;4157480967,08;27716539,780533332;81063109,67556149
OPERADORA TESTE 282 LTDA;MG;4025977974,89;41081407,90704081;92692973,65863943
OPERADORA TESTE 687 LTDA;SC;4005934895,26;20756139,35367876;59606642,55400606
OPERADORA TESTE 324 LTDA;PR;3896759053,34;149875348,2053846;264563722,50135544
OPERADORA TESTE 425 LTDA;SP;3844713401,95;19818110,319329895;54066616,993030734
OPERADORA TESTE 156 LTDA;RJ;3661788306,8399997;53069395,75130434;100989121,43195091
OPERADORA TESTE 571 LTDA;RJ;3654435946,56;50756054,81333333;191712044,20298308
OPERADORA TESTE 710 LTDA;PE;3557974631,74;14702374,511322314;46532275,62858636
OPERADORA TESTE 204 LTDA;MG;3385676567,88;30501590,70162162;75477850,82247402
OPERADORA TESTE 168 LTDA;BA;3326841882,75;57359342,80603448;93039483,59369953
OPERADORA TESTE 66 LTDA;PR;3295331831,84;18938688,688735634;47598113,04461338
OPERADORA TESTE 401 LTDA;PR;3171418942,49;18765792,559112426;45809814,26496334
OPERADORA TESTE 346 LTDA;PE;3039173157,35;21708379,695357144;52781076,940181695
OPERADORA TESTE 4 LTDA;MG;3030594929,36;17932514,374911245;48146749,24621296
OPERADORA TESTE 656 LTDA;RJ;2974529674,33;41312912,143472224;63504398,36101142
OPERADORA TESTE 646 LTDA;RJ;2909299649,96;11020074,431666667;33184044,93243902
OPERADORA TESTE 195 LTDA;SP;2901127101,15;19735558,51122449;44759129,663432136
OPERADORA TESTE 389 LTDA;SP;2798396313,11;14350750,323641026;38306354,10520398
OPERADORA TESTE 679 LTDA;SC;2577004055,9;16310152,252531646;40340699,83011366
OPERADORA TESTE 33 LTDA;MG;2560020247,67;8951119,747097902;27867412,956364524
OPERADORA TESTE 178 LTDA;SC;2555869085,83;38147299,78850746;65010251,92602228
OPERADORA TESTE 539 LTDA;BA;2548111313,81;22351853,62991228;53951581,59483987
OPERADORA TESTE 537 LTDA;RS;2500837335,81;12259006,548088236;31675066,07358888
OPERADORA TESTE 686 LTDA;MG;2456310544,75;11165047,93068182;32505130,01665246
OPERADORA TESTE 702 LTDA;RS;2445325362,41;19407344,14611111;51403201,666409515
OPERADORA TESTE 657 LTDA;BA;2372623262,66;12105220,727857143;35263544,6276826
OPERADORA TESTE 520 LTDA;RJ;2316528377,97;20869625,026756756;50797151,30706539
OPERADORA TESTE 44 LTDA;BA;2309527340,88;9312610,245483872;30089644,436316054
OPERADORA TESTE 278 LTDA;SP;2299159649,04;14105273,920490798;35370876,58316982
OPERADORA TESTE 608 LTDA;PR;2243253874,96;33988695,07515152;106530047,24149701
OPERADORA TESTE 74 LTDA;RS;2228157280,13;10315542,963564815;28759776,53988157
OPERADORA TESTE 94 LTDA;SP;2195371609,63;6592707,536426427;22161365,399113722
OPERADORA TESTE 543 LTDA;RS;2182771118,02;7937349,520072727;26548552,30769806
OPERADORA TESTE 42 LTDA;BA;2150243855,98;34130854,8568254;61904193,00395216
OPERADORA TESTE 46 LTDA;BA;2138359803,8600001;10533792,13724138;27927507,1812917
OPERADORA TESTE 337 LTDA;BA;2110463389,02;14967825,454042554;37635184,53066201
OPERADORA TESTE 55 LTDA;SC;2109370010,89;8272039,258392157;24536245,39263795
OPERADORA TESTE 418 LTDA;RJ;1961493523,2;12336437,252830189;30280598,936350904
OPERADORA TESTE 118 LTDA;SC;1945713035,31;34744875,630535714;62142404,18856801
OPERADORA TESTE 236 LTDA;MG;1941064195,97;18664078,807403848;40166321,74797661
OPERADORA TESTE 170 LTDA;PE;1877157994,41;9828052,326753927;24748927,567475416
OPERADORA TESTE 554 LTDA;PR;1859581525,67;8940295,796490384;27464535,03582038
OPERADORA TESTE 680 LTDA;SP;1854571197,2;34343911,05925926;70168587,81982689
OPERADORA TESTE 507 LTDA;RS;1842876826,14;38393267,21125;52070700,47149993
OPERADORA TESTE 16 LTDA;RJ;1840465050,76;15337208,756333333;34908001,29000939
OPERADORA TESTE 344 LTDA;BA;1777120019,15;10154971,538;27889437,942870755
OPERADORA TESTE 458 LTDA;SP;1766432855,19;10577442,246646706;23839077,5624286
OPERADORA TESTE 262 LTDA;SP;1757440001,56;19746516,871460672;45003866,223231174
OPERADORA TESTE 403 LTDA;BA;1731157250,21;13214940,84129771;32218741,389500216
OPERADORA TESTE 742 LTDA;PR;1716649288,79;19073880,986555554;42480820,34991807
OPERADORA TESTE 590 LTDA;SC;1682896807,37;22143379,044342104;43144272,61689338
OPERADORA TESTE 415 LTDA;RJ;1659602860,2;16431711,487128714;33359085,43122143
OPERADORA TESTE 90 LTDA;SP;1618890323,88;9636251,927857144;25747278,03521771
OPERADORA TESTE 648 LTDA;SP;1608409919,98;9297167,16751445;22655670,676755615
OPERADORA TESTE 383 LTDA;MG;1553325732,81;14121143,025545454;31501915,761724334
OPERADORA TESTE 223 LTDA;MG;1529464750,31;7647323,75155;20007115,791492168
OPERADORA TESTE 169 LTDA;RS;1524544182,59;7899192,655906735;22880749,594711013
OPERADORA TESTE 117 LTDA;BA;1523247032,52;16738978,37934066;40831494,1554306
OPERADORA TESTE 674 LTDA;PE;1514535112,58;4982023,396644737;17542260,272052545
OPERADORA TESTE 637 LTDA;RJ;1499041441,3600001;11104010,676740741;27972025,350517023
OPERADORA TESTE 356 LTDA;BA;1497574495,71;10328099,970413793;25792615,21422019
OPERADORA TESTE 281 LTDA;MG;1472149161,07;7397734,477738693;21211550,923258577
OPERADORA TESTE 352 LTDA;PE;1470953962,93;6103543,4146473035;17626897,944848403
OPERADORA TESTE 10 LTDA;RS;1466812422,39;10257429,527202798;25927499,150103223
OPERADORA TESTE 177 LTDA;RS;1466403688,62;7717914,150631579;19333969,91386874
OPERADORA TESTE 409 LTDA;SC;1447298130,8;10964379,77878788;26566461,163919896
OPERADORA TESTE 583 LTDA;RS;1438689205,66;17983615,07075;39869086,02733325
OPERADORA TESTE 83 LTDA;PR;1417744787,41;14177447,874100002;29411387,15158734
OPERADORA TESTE 273 LTDA;BA;1393017935,8;10168014,129927007;21453211,597660284
OPERADORA TESTE 210 LTDA;SC;1368544066,19;15376899,62011236;29190717,70789466
OPERADORA TESTE 72 LTDA;SP;1336864986,49;13782113,262783505;24336170,67360224
OPERADORA TESTE 290 LTDA;PR;1320214943,1200001;10234224,365271319;25151549,147312116
OPERADORA TESTE 693 LTDA;BA;1317191130,09;4654385,618692579;15297589,25123958
OPERADORA TESTE 206 LTDA;SC;1300403177,72;7305635,829887641;15784916,838979976
OPERADORA TESTE 92 LTDA;PE;1278726141,52;5947563,448930233;17338112,283169445
OPERADORA TESTE 231 LTDA;PR;1260546809,48;9477795,56;25176155,084065665
OPERADORA TESTE 744 LTDA;BA;1258370787,41;19359550,575538464;30079077,88572278
OPERADORA TESTE 106 LTDA;RS;1254423668,73;10630709,057033898;22332639,367749356
OPERADORA TESTE 668 LTDA;SP;1234665290,19;10203845,373471076;18021577,18428599
OPERADORA TESTE 254 LTDA;RS;1222010526,1299999;16079085,870131576;28659656,006299693
OPERADORA TESTE 416 LTDA;SP;1213531992,91;13335516,405604396;27440141,31253698
OPERADORA TESTE 345 LTDA;RS;1211562043,64;4520753,894179105;14941616,401200084
OPERADORA TESTE 292 LTDA;BA;1201441761,93;14302878,118214287;29204988,36483525
OPERADORA TESTE 71 LTDA;RJ;1200616488,42;7320832,246463415;20522262,262958914
OPERADORA TESTE 277 LTDA;PR;1183456206,33;6466973,805081966;17492788,472568475
OPERADORA TESTE 14 LTDA;RJ;1182095961,89;10945332,980462965;28169046,366782412
OPERADORA TESTE 85 LTDA;SC;1174643655,8;5063119,206034482;15571939,795938406
OPERADORA TESTE 192 LTDA;PE;1170987278,68;14637340,9835;27839675,057677064
OPERADORA TESTE 546 LTDA;PR;1168278889,6299999;16454632,248309858;38964390,99630663
OPERADORA TESTE 376 LTDA;PR;1167756794,72;6869157,616;16794304,8316685
OPERADORA TESTE 100 LTDA;SP;1143334833,72;15450470,725945946;35675571,89229564
OPERADORA TESTE 689 LTDA;RS;1135299318,09;17201504,81954545;36209856,186139345
OPERADORA TESTE 522 LTDA;PR;1132550279,83;13169189,300348837;26927679,76775999
OPERADORA TESTE 704 LTDA;SC;1128079369,52;8744801,314108526;21199976,502343386
OPERADORA TESTE 487 LTDA;SP;1121373453,95;23361946,957291666;38955884,04010797
OPERADORA TESTE 361 LTDA;RS;1118580631,23;8410380,68593985;20628959,865880687
OPERADORA TESTE 60 LTDA;SC;1113294597,26;9051175,587479675;21077665,14286399
OPERADORA TESTE 625 LTDA;MG;1106291406,37;27657285,15925;39188099,864583515
OPERADORA TESTE 25 LTDA;PR;1077273988,05;8223465,557633587;21877886,010623403
OPERADORA TESTE 115 LTDA;RS;1068434488,97;15484557,81115942;25799102,916642904
OPERADORA TESTE 105 LTDA;SC;1067352670,34;7211842,367162162;16636460,29263529
OPERADORA TESTE 651 LTDA;BA;1053831052,79;6272803,885654761;16410229,521737413
OPERADORA TESTE 298 LTDA;RS;1040207319,6800001;8456970,078699188;19057633,764334604
OPERADORA TESTE 644 LTDA;RS;1015028689,52;6227169,874355828;15349338,037674317
OPERADORA TESTE 351 LTDA;PE;1004631590,47;5343785,05569149;14735891,293464787
OPERADORA TESTE 339 LTDA;SC;997007144,75;6972077,935314685;15504172,745828837
OPERADORA TESTE 335 LTDA;SP;983998584,03;5857134,42875;14480971,053063767
OPERADORA TESTE 700 LTDA;PE;975314319,81;7560576,122558139;18954406,745113716
OPERADORA TESTE 563 LTDA;RJ;967458726,7;10993849,167045455;22758581,54807998
OPERADORA TESTE 12 LTDA;SP;923021020,6;3619690,276862745;10834427,838751195
OPERADORA TESTE 124 LTDA;RJ;917077086,71;7771839,717881356;20326955,977760438
OPERADORA TESTE 404 LTDA;PR;914011191,09;10044079,022967033;20207629,126098573
OPERADORA TESTE 109 LTDA;SP;904822930,46;15080382,174333334;31582433,548849814
OPERADORA TESTE 317 LTDA;PE;903694733,65;10631702,74882353;25638528,39129749
OPERADORA TESTE 685 LTDA;PR;903694098,32;7172175,383492064;15641035,41991834
OPERADORA TESTE 560 LTDA;BA;903664160,42;4884671,137405405;11086590,582177365
OPERADORA TESTE 739 LTDA;RS;887951734,91;7721319,433999999;17950486,927538734
OPERADORA TESTE 503 LTDA;SP;875288257,76;8841295,532929292;19604001,973209355
OPERADORA TESTE 209 LTDA;BA;864008046,07;4408204,316683673;12510521,321449187
OPERADORA TESTE 202 LTDA;SC;857244892,95;5871540,362671233;15981622,633569269
OPERADORA TESTE 207 LTDA;MG;852855008,6899999;5076517,908869048;12827009,659197785
OPERADORA TESTE 8 LTDA;SP;845903045,2;5286894,032500001;11352474,07899199
OPERADORA TESTE 728 LTDA;RJ;837859230,1800001;11636933,752500001;24804530,100172415
OPERADORA TESTE 470 LTDA;RS;837015316,62;13500247,042258065;13412790,834442033
OPERADORA TESTE 188 LTDA;BA;836315106,76;8041491,411153846;18848700,388475727
OPERADORA TESTE 20 LTDA;MG;833002948,69;3718763,1637946432;12272261,044078521
OPERADORA TESTE 419 LTDA;BA;831890054,38;7049915,715084746;17600988,2335159
OPERADORA TESTE 385 LTDA;MG;824565104,3;4228538,996410256;11329087,186379338
OPERADORA TESTE 191 LTDA;BA;818410956,83;7720858,083301887;17192410,25934884
OPERADORA TESTE 525 LTDA;SC;818070249,53;10225878,119125;17071907,469132073
OPERADORA TESTE 395 LTDA;BA;812581710,54;6500653,68432;13717602,165324226
OPERADORA TESTE 349 LTDA;PE;811738186,52;5271027,185194805;11048113,901997656
OPERADORA TESTE 212 LTDA;RS;803960976,5500001;4369353,133423913;11405952,708089199
OPERADORA TESTE 658 LTDA;SP;798888248,67;5706344,633357142;12397463,457747327
OPERADORA TESTE 360 LTDA;PR;794272655,33;3991319,876030151;9485825,196208626
OPERADORA TESTE 27 LTDA;RS;770093684,39;4074569,7586772484;10607183,625783833
OPERADORA TESTE 433 LTDA;MG;768798434,63;7687984,3463;15047118,003507616
OPERADORA TESTE 532 LTDA;PE;759586315,47;4416199,508546512;11077350,97050158
OPERADORA TESTE 233 LTDA;PR;757248163,1899999;7143850,5961320745;15727082,067869486
OPERADORA TESTE 501 LTDA;PE;756933643,95;8700386,712068966;17793832,84938276
OPERADORA TESTE 95 LTDA;RJ;745355022,56;3450717,697037037;9857916,682003092
OPERADORA TESTE 68 LTDA;SP;737994467,62;5309312,716690647;12253731,959824562
OPERADORA TESTE 59 LTDA;BA;727291785,39;4947563,165918367;10311843,799372368
OPERADORA TESTE 80 LTDA;PE;713708443,75;2419350,656779661;6943957,534692975
OPERADORA TESTE 382 LTDA;PR;710423315,56;4106493,1535260114;12237082,618639018
OPERADORA TESTE 380 LTDA;MG;707516486,77;5660131,89416;11680886,251391262
OPERADORA TESTE 32 LTDA;MG;706302019,01;7281464,113505155;16400317,767209958
OPERADORA TESTE 280 LTDA;RJ;703712063,26;6766462,146730769;13682766,998672575
OPERADORA TESTE 727 LTDA;RS;702188252,76;5443319,788837209;11832305,146717781
OPERADORA TESTE 359 LTDA;RJ;694345644,72;7630171,92;14946914,821715139
OPERADORA TESTE 672 LTDA;BA;693969771,89;3920733,174519774;10144110,993512966
OPERADORA TESTE 299 LTDA;SP;689286495,0600001;6323729,312477065;10512788,493302118
OPERADORA TESTE 756 LTDA;PR;678340072,58;9421389,896944445;18526898,506988436
OPERADORA TESTE 73 LTDA;RS;677911504,47;2658476,4881176474;7905646,31859454
OPERADORA TESTE 186 LTDA;SC;670651438,65;4593503,004452054;13237056,001558583
OPERADORA TESTE 197 LTDA;SC;667260733,09;4144476,6030434784;9651550,47442071
OPERADORA TESTE 363 LTDA;RJ;662267196,15;4663853,494014084;11583517,484985532
OPERADORA TESTE 165 LTDA;PR;660481808,87;2530581,6431800765;9201923,56031874
OPERADORA TESTE 357 LTDA;SC;659043078,84;7489125,895909091;14613209,915946145
OPERADORA TESTE 375 LTDA;RJ;654896562,74;8971185,790958904;17963748,225790046
OPERADORA TESTE 741 LTDA;SC;653783610,76;10544896,947741935;20437566,633159056
OPERADORA TESTE 673 LTDA;SP;642003697,5799999;6551058,138571428;32439648,846260022
OPERADORA TESTE 69 LTDA;SP;640482480,5;3155086,1108374386;8842432,315227028
OPERADORA TESTE 547 LTDA;SP;626234064,22;12042962,77346154;17455899,117953595
OPERADORA TESTE 452 LTDA;SP;622646242,74;8529400,585479451;16553196,408100499
OPERADORA TESTE 394 LTDA;MG;616958830,29;3427549,0571666663;9065713,781105634
OPERADORA TESTE 661 LTDA;RJ;614209926,34;6332061,096288661;14544829,524253601
OPERADORA TESTE 15 LTDA;RJ;606749493,49;8922786,668970589;15423313,746482635
OPERADORA TESTE 52 LTDA;PR;601330203,26;4928936,092295082;10215252,50098985
OPERADORA TESTE 127 LTDA;RS;597160649,5;6709670,2191011235;17338782,270989906
OPERADORA TESTE 545 LTDA;SC;595929614,82;5181996,650608696;8391261,156874638
OPERADORA TESTE 132 LTDA;MG;595740770,39;4843420,897479675;10802605,152429378
OPERADORA TESTE 504 LTDA;PR;595268212,7;11447465,628846155;19210933,009626385
OPERADORA TESTE 711 LTDA;RJ;591502159,57;4657497,319448819;9424044,904029654
OPERADORA TESTE 34 LTDA;BA;584811091,82;5790208,82990099;13003228,908260368
OPERADORA TESTE 748 LTDA;RS;580938927,42;12629107,117826086;20300496,964686304
OPERADORA TESTE 715 LTDA;SP;577610879,42;3876583,0833557043;8812488,339749489
OPERADORA TESTE 289 LTDA;RS;575257220,43;9430446,236557376;17675554,47101521
OPERADORA TESTE 159 LTDA;PE;574027058,75;5740270,5875;10527990,274650954
OPERADORA TESTE 275 LTDA;SP;571843538,7;2902759,0796954315;6558119,193943004
OPERADORA TESTE 734 LTDA;RJ;568635295,16;6248739,507252747;13997276,609060163
OPERADORA TESTE 666 LTDA;SP;568041721,19;2943221,3533160626;7283357,968159088
OPERADORA TESTE 641 LTDA;RJ;563023242,14;9229889,215409836;18637530,365200166
OPERADORA TESTE 407 LTDA;RS;557041372,1;3147126,3960451977;7230621,323785997
OPERADORA TESTE 215 LTDA;RJ;547838628,53;4313689,988425197;8237696,457608256
OPERADORA TESTE 369 LTDA;RJ;546086038,82;4919694,043423424;10274292,645389004
OPERADORA TESTE 738 LTDA;BA;543284687,39;3621897,9159333333;7792163,261903216
OPERADORA TESTE 306 LTDA;BA;541572532,37;8596389,402698413;12301250,124210767
OPERADORA TESTE 47 LTDA;PR;534692202,25;6290496,497058824;14098832,279417722
OPERADORA TESTE 221 LTDA;PE;525810943,95;2423091,9076036867;6357656,227247141
OPERADORA TESTE 620 LTDA;PE;517246320,95;6385757,048765432;14414133,87226522
OPERADORA TESTE 245 LTDA;PR;513805524,27;4391500,207435898;8339742,4965535505
OPERADORA TESTE 220 LTDA;PR;513639946,63;3057380,6347023807;7391071,652361699
OPERADORA TESTE 309 LTDA;RS;510676878,09999996;6464264,279746835;11513315,55896222
OPERADORA TESTE 140 LTDA;MG;499626659,90999997;3843281,999307692;8935209,395638013
OPERADORA TESTE 41 LTDA;MG;497023519,13;2114993,698425532;6091240,79585688
OPERADORA TESTE 719 LTDA;RJ;496561188,76;5841896,338352941;11757300,110697977
OPERADORA TESTE 328 LTDA;PR;493293607,16;6666129,826486487;10893159,664339652
OPERADORA TESTE 286 LTDA;RS;491532340,65;3510945,2903571427;8003769,8028822495
OPERADORA TESTE 536 LTDA;MG;489723140,33;3377400,9677931033;8462662,796769818
OPERADORA TESTE 639 LTDA;SP;484372010,92;6727389,040555555;8927701,47832363
OPERADORA TESTE 664 LTDA;PR;484170992,33;4890616,084141414;10729263,66089231
OPERADORA TESTE 260 LTDA;RS;475098711,59999996;4657830,505882353;9080384,37444108
OPERADORA TESTE 58 LTDA;PE;472363929,53;3690343,199453125;7222182,161446642
OPERADORA TESTE 180 LTDA;SC;469707905,43;2325286,6605445547;6092670,637506346
OPERADORA TESTE 468 LTDA;PR;459296799,41;4992356,515326087;12414086,498356102
OPERADORA TESTE 684 LTDA;RJ;455262186,86;3055450,91852349;7414077,379130992
OPERADORA TESTE 544 LTDA;PE;453717488,89;2908445,441602564;7589346,633318509
OPERADORA TESTE 39 LTDA;SC;449755103,08;2260075,8948743716;5748938,760128162
OPERADORA TESTE 268 LTDA;SC;444852737,06;7414212,284333333;18327900,229720175
OPERADORA TESTE 23 LTDA;RS;433801901,2;3585139,679338843;7143025,242099605
OPERADORA TESTE 288 LTDA;RS;432155029,4;2959965,9547945205;6332234,072021437
OPERADORA TESTE 235 LTDA;PR;429314449,4;2769770,6412903224;6564188,310218108
OPERADORA TESTE 36 LTDA;PE;429044623,63;9534324,969555555;17703094,90707606
OPERADORA TESTE 701 LTDA;PE;423640130,84999996;4555270,224193548;8954419,34897931
OPERADORA TESTE 155 LTDA;MG;421574295,27;5079208,376746988;10632127,908470897
OPERADORA TESTE 699 LTDA;BA;417453717,7;7454530,673214286;13320222,131658416
OPERADORA TESTE 203 LTDA;PR;417377105,29;2344815,198258427;5335340,684520834
OPERADORA TESTE 348 LTDA;SP;416354211,23;3384993,5872357725;6444205,404285424
OPERADORA TESTE 538 LTDA;RJ;408909870,54;2984743,5805839417;6930031,563549816
OPERADORA TESTE 70 LTDA;PE;406972517,93;3130557,8302307692;6681348,90996604
OPERADORA TESTE 6 LTDA;RS;404514429,15;3399280,9172268906;7137218,805255398
OPERADORA TESTE 96 LTDA;RJ;398587572,1;6227930,8140625;10062164,941453896
OPERADORA TESTE 643 LTDA;RJ;396562378,44;6609372,974;10768521,85214517
OPERADORA TESTE 694 LTDA;PR;395941672,5;2275526,853448276;6010793,043874638
OPERADORA TESTE 79 LTDA;PR;395656625,96000004;6821665,964827587;12454326,931245334
OPERADORA TESTE 678 LTDA;SP;394127175,67;3127993,4576984127;6707705,219305251
OPERADORA TESTE 333 LTDA;RS;393703367,94;2139692,2170652174;5745320,015706912
OPERADORA TESTE 722 LTDA;RJ;392403106,18;4087532,3560416666;9247662,98644969
OPERADORA TESTE 564 LTDA;RJ;390599805,53000003;3755767,360865385;7595081,391820689
OPERADORA TESTE 201 LTDA;BA;390577099,7;3426114,9096491225;8248245,116130997
OPERADORA TESTE 712 LTDA;BA;390297402,77;1932165,3602475247;5132470,147423725
OPERADORA TESTE 496 LTDA;BA;387192956,17;4302143,957444444;7941082,229556646
OPERADORA TESTE 438 LTDA;SP;383777983,44;9137571,034285715;10922409,22420543
OPERADORA TESTE 50 LTDA;SC;383535927,79;4309392,447078652;10849144,679672357
OPERADORA TESTE 78 LTDA;SC;383280335,47;2572351,244765101;5545458,261225938
OPERADORA TESTE 406 LTDA;BA;377053677,27;7694973,005510204;13296111,330663433
OPERADORA TESTE 265 LTDA;PE;369031640,65;5857645,089682539;10987491,225789692
OPERADORA TESTE 649 LTDA;RS;366092391,15;4947194,475;10911414,704783449
OPERADORA TESTE 189 LTDA;RS;365546723,0;2971924,5772357723;5888776,7916417485
OPERADORA TESTE 295 LTDA;BA;365462205,75;3383909,3125;6780444,077597504
OPERADORA TESTE 743 LTDA;SP;364148218,3;2890065,2246031747;6607686,898293375
OPERADORA TESTE 173 LTDA;SC;363136102,65;2298329,7636075947;6183615,855342587
OPERADORA TESTE 570 LTDA;PR;362479093,18;3098111,9075213675;6769569,163023056
OPERADORA TESTE 472 LTDA;PE;362239095,94;6245501,654137931;10735830,67826633
OPERADORA TESTE 368 LTDA;PE;361490006,84;2287911,4356962023;5285488,927720836
OPERADORA TESTE 682 LTDA;MG;360845088,01;2559185,0213475176;6084322,022723101
OPERADORA TESTE 350 LTDA;RJ;359106839,76;2493797,498333333;5505528,852411285
OPERADORA TESTE 618 LTDA;PE;358323885,3;7166477,706;12428416,438655041
OPERADORA TESTE 144 LTDA;PE;358258385,79;2184502,352378049;5274467,008778231
OPERADORA TESTE 240 LTDA;BA;353368291,73;2598296,2627205886;5491837,701900678
OPERADORA TESTE 399 LTDA;RS;353171534,18;4154959,225647059;6651309,289782285
OPERADORA TESTE 706 LTDA;SC;352044442,14;2011682,5265142857;4453628,866069152
OPERADORA TESTE 164 LTDA;BA;351753579,02;1707541,6457281553;4529501,287398063
OPERADORA TESTE 725 LTDA;MG;350704423,42;5313703,385151516;10247034,081762284
OPERADORA TESTE 511 LTDA;RJ;349527024,75;4660360,33;8690972,011437284
OPERADORA TESTE 340 LTDA;PR;348671835,46;2438264,5836363635;5147196,3032347355
OPERADORA TESTE 48 LTDA;PE;346884315,52;2647971,874198473;5582473,198596141
OPERADORA TESTE 575 LTDA;PR;345259122,36;5851849,531525424;10685871,664780824
OPERADORA TESTE 559 LTDA;RJ;342989311,38;2598403,874090909;4920060,191052206
OPERADORA TESTE 582 LTDA;PR;341401414,93;4113270,0593975903;8972572,33365362
OPERADORA TESTE 110 LTDA;SC;339014746,1;3424391,374747475;7736905,931234512
OPERADORA TESTE 338 LTDA;PE;338785844,35;1958299,6783236996;4717906,112133535
OPERADORA TESTE 634 LTDA;RS;332562296,29;4890622,004264706;9044104,737531375
OPERADORA TESTE 313 LTDA;SC;331285680,45;7361904,01;10470621,746828595
OPERADORA TESTE 154 LTDA;SC;328179718,0;4375729,573333333;8331775,712705915
OPERADORA TESTE 283 LTDA;BA;328114042,91;2025395,3266049384;4764133,962551129
OPERADORA TESTE 372 LTDA;PR;325845797,48;3163551,4318446605;6203839,417755829
OPERADORA TESTE 294 LTDA;RS;325223348,42;3318605,5961224493;7492704,456302258
OPERADORA TESTE 135 LTDA;PE;324521929,36;3773510,806511628;8195933,149990743
OPERADORA TESTE 28 LTDA;BA;321749948,57;3535713,7205494503;8038190,448338238
OPERADORA TESTE 224 LTDA;PE;321175012,59;1559102,0028640775;4501623,921145365
OPERADORA TESTE 677 LTDA;MG;320256762,2;1625668,8436548223;4311424,021566999
OPERADORA TESTE 732 LTDA;RS;318783369,94;4307883,377567568;7967587,448788877
OPERADORA TESTE 267 LTDA;SC;316950323,44;2170892,6263013696;4935919,840472068
OPERADORA TESTE 93 LTDA;RS;316240426,3;1940125,3147239264;4576821,148177316
OPERADORA TESTE 322 LTDA;RJ;312165228,18;3218198,2286597937;6220787,407874773
OPERADORA TESTE 26 LTDA;SC;309869430,11;1866683,3139156627;4430032,202290776
OPERADORA TESTE 331 LTDA;SC;307154994,9;2437738,0547619048;5196998,592899649
OPERADORA TESTE 108 LTDA;SP;306336211,59;1801977,715235294;4415018,7337282635
OPERADORA TESTE 681 LTDA;RS;305209117,89;7444124,826585365;19151742,20702942
OPERADORA TESTE 76 LTDA;PE;302952094,04;1967221,38987013;5294494,7679567505
OPERADORA TESTE 542 LTDA;PR;301986735,98;2141749,900567376;4956304,493686069
OPERADORA TESTE 242 LTDA;MG;301646142,95;3634290,8789156624;7080231,349692347
OPERADORA TESTE 314 LTDA;MG;301082997,84000003;3500965,091162791;6786742,097651527
OPERADORA TESTE 652 LTDA;RS;299317979,06;3401340,671136364;8770147,989975618
OPERADORA TESTE 272 LTDA;RJ;296126729,15;2575015,0360869565;5069115,70399475
OPERADORA TESTE 386 LTDA;PR;295637165,79;1308129,0521681416;3536512,480998255
OPERADORA TESTE 218 LTDA;SP;294334643,84000003;6131971,746666667;10613819,899624962
OPERADORA TESTE 696 LTDA;RS;293949473,93;2099639,0995;4576934,340654165
OPERADORA TESTE 31 LTDA;BA;292898944,54;2662717,677636364;5678263,395577889
OPERADORA TESTE 301 LTDA;MG;292803395,57;2815417,2650961536;4587353,715685705
OPERADORA TESTE 747 LTDA;RS;289758965,49;4024430,07625;7410073,145926937
OPERADORA TESTE 431 LTDA;MG;287780142,8;6851908,1619047625;10633454,496467011
OPERADORA TESTE 151 LTDA;SC;283204609,54;6293435,767555556;9711215,639048241
OPERADORA TESTE 216 LTDA;RS;281841013,83;7046025,345749999;11084346,66979459
OPERADORA TESTE 733 LTDA;PE;281789450,39;4472848,418888888;8176981,932615968
OPERADORA TESTE 518 LTDA;PE;273851531,17;3556513,391818182;6084985,974931281
OPERADORA TESTE 291 LTDA;PR;273185725,96;1979606,7098550722;4158313,045014316
OPERADORA TESTE 65 LTDA;BA;264659977,51;2473457,7337383176;4854731,549208942
OPERADORA TESTE 256 LTDA;PR;263741468,92;3425213,882077922;8272926,978913237
OPERADORA TESTE 367 LTDA;RJ;263508082,88;1745086,6415894039;4167895,587304568
OPERADORA TESTE 437 LTDA;RJ;262604734,07999998;5470931,96;8801976,37457158
OPERADORA TESTE 167 LTDA;SC;261116468,86;2270577,9900869564;4642789,843233711
OPERADORA TESTE 497 LTDA;RS;257821013,95;4028453,34296875;8558430,051829666
OPERADORA TESTE 535 LTDA;BA;257435319,57;1050756,4064081633;2663490,6856214004
OPERADORA TESTE 428 LTDA;PE;257290861,3;1504624,919883041;3797624,9007580928
OPERADORA TESTE 101 LTDA;MG;256770984,48000002;2647123,5513402065;5902529,20412921
OPERADORA TESTE 387 LTDA;PR;255688830,54;2531572,5796039603;6419104,819325265
OPERADORA TESTE 225 LTDA;RS;255236987,1;1282597,925125628;3701038,5955572603
OPERADORA TESTE 478 LTDA;SC;254617676,69;3264329,1883333335;6550157,131942978
OPERADORA TESTE 552 LTDA;RJ;254125508,33;3682978,381594203;8093878,839135292
OPERADORA TESTE 37 LTDA;PR;247048126,37;3479551,075633803;5726580,717563829
OPERADORA TESTE 336 LTDA;RJ;246930341,17;1593098,9752903224;3855104,4697379004
OPERADORA TESTE 604 LTDA;SP;246810158,6;3980809,0096774194;7494671,778102751
OPERADORA TESTE 436 LTDA;SP;245242615,69;3454121,347746479;6259773,52460285
OPERADORA TESTE 196 LTDA;PR;244292089,51;2348962,3991346154;4617995,150243106
OPERADORA TESTE 157 LTDA;RS;244041871,54;4604563,613962264;5510385,594651165
OPERADORA TESTE 665 LTDA;PE;243829195,52;2709213,2835555556;5867283,130799365
OPERADORA TESTE 200 LTDA;PE;242094426,26;2603165,8737634406;4914998,315454181
OPERADORA TESTE 153 LTDA;MG;238766038,13;2652955,979222222;5703836,341183475
OPERADORA TESTE 107 LTDA;RS;237657938,7;2031264,433333333;4832918,042585658
OPERADORA TESTE 371 LTDA;MG;237028559,9;1445296,0969512195;3183523,734833361
OPERADORA TESTE 373 LTDA;SP;236011897,25;2809665,443452381;4901798,362180695
OPERADORA TESTE 596 LTDA;RJ;235470440,54999998;3139605,874;6829169,52599121
OPERADORA TESTE 228 LTDA;SC;233675298,89;1963657,973865546;4832441,915802708
OPERADORA TESTE 697 LTDA;RJ;231729346,25;4827694,713541667;7116427,738785608
OPERADORA TESTE 691 LTDA;PR;230930328,37;2043631,2245132744;4138410,7513786764
OPERADORA TESTE 103 LTDA;PR;229219950,78;1406257,3667484662;3273300,6502363416
OPERADORA TESTE 263 LTDA;PE;228468559,12;2719863,799047619;5745841,277147427
OPERADORA TESTE 414 LTDA;SC;228323978,59;1532375,6952348994;2854122,913390763
OPERADORA TESTE 655 LTDA;MG;227939618,64000002;1461151,4015384617;3224460,6415848034
OPERADORA TESTE 354 LTDA;PR;227762708,56;1851729,3378861789;3777930,246536625
OPERADORA TESTE 735 LTDA;SP;227724103,6;1237630,9978260868;3138485,5165751223
OPERADORA TESTE 771 LTDA;PR;227280449,55;3725909,0090163937;6770672,846200556
OPERADORA TESTE 610 LTDA;PR;226850010,93;3024666,8124;5803135,227022011
OPERADORA TESTE 475 LTDA;PR;226406351,76999998;5145598,903863636;7218137,831436596
OPERADORA TESTE 550 LTDA;SC;224181452,13;2264459,1124242423;5207099,439697463
OPERADORA TESTE 2 LTDA;RJ;223905459,97;1317090,941;2925495,123845187
OPERADORA TESTE 302 LTDA;MG;221893159,24;1404387,0837974683;3878555,373255505
OPERADORA TESTE 198 LTDA;BA;221454983,86;1428741,8313548388;3387066,381483161
OPERADORA TESTE 427 LTDA;MG;219809809,79;1121478,621377551;3005244,5371518205
OPERADORA TESTE 595 LTDA;PE;219546817,35;2466818,1724719102;5329680,293733311
OPERADORA TESTE 45 LTDA;RJ;218616114,31;907120,8062655602;2224906,4396375916
OPERADORA TESTE 512 LTDA;SP;217766797,5;2688478,9814814813;6286374,417973344
OPERADORA TESTE 530 LTDA;SP;217459273,04;9884512,41090909;9691965,569983404
OPERADORA TESTE 21 LTDA;RJ;216422262,33;1243806,1053448278;2630712,7182919034
OPERADORA TESTE 182 LTDA;RJ;215651867,37;1003031,9412558139;2244466,4252823996
OPERADORA TESTE 502 LTDA;RS;211340468,22;4143930,7494117646;5761683,469891942
OPERADORA TESTE 607 LTDA;RJ;207559798,41;1853212,4858035713;3764276,68875864
OPERADORA TESTE 172 LTDA;PR;204248689,74;1438371,0545070423;3428970,304057275
OPERADORA TESTE 391 LTDA;SC;204048337,85999998;1283322,8796226415;3208608,5974730416
OPERADORA TESTE 750 LTDA;PR;203948613,67;9711838,746190475;22247423,32846212
OPERADORA TESTE 129 LTDA;MG;203888566,07;2080495,5721428571;4995659,317946354
OPERADORA TESTE 183 LTDA;MG;203168950,28;4063379,0056;6794227,222280966
OPERADORA TESTE 141 LTDA;RS;203106493,9;2943572,375362319;6025784,934005384
OPERADORA TESTE 296 LTDA;RJ;202403102,81;2224209,920989011;3930476,847159435
OPERADORA TESTE 222 LTDA;BA;202020845,82;1278612,9482278482;2635780,5281436434
OPERADORA TESTE 581 LTDA;PR;202008522,48;2927659,7460869565;5931647,47430277
OPERADORA TESTE 259 LTDA;PR;201096115,12;1675800,9593333334;3790997,602793938
OPERADORA TESTE 149 LTDA;RJ;197550952,84;3799056,7853846154;5722530,69307921
OPERADORA TESTE 303 LTDA;RJ;196186914,87;3772825,2859615386;6274282,106061338
OPERADORA TESTE 737 LTDA;PR;192883686,16;1339470,0427777776;3314097,778275498
OPERADORA TESTE 126 LTDA;BA;191429620,03;1994058,5419791667;2948219,522091412
OPERADORA TESTE 347 LTDA;PE;186558104,63;1865581,0463;3310977,6403593775
OPERADORA TESTE 477 LTDA;PE;185603979,69;2812181,5104545453;5026063,297431505
OPERADORA TESTE 392 LTDA;MG;183833174,76;1294599,822253521;3579964,604085897
OPERADORA TESTE 166 LTDA;MG;183738860,19;918694,30095;2173877,2973274263
OPERADORA TESTE 297 LTDA;PR;181049278,14;1602206,001238938;3467906,1355193774
OPERADORA TESTE 81 LTDA;SP;177088258,2;1180588,388;3049365,408828838
OPERADORA TESTE 645 LTDA;MG;177087055,19;2083377,1198823529;4383750,288521939
OPERADORA TESTE 251 LTDA;PR;176782933,37;2489900,47;6159938,908596119
OPERADORA TESTE 122 LTDA;SP;176462459,26;2800991,4168253965;5654244,403620532
OPERADORA TESTE 213 LTDA;BA;176115303,85;1586624,3590090089;2962856,875028875
OPERADORA TESTE 713 LTDA;RJ;173683014,76999998;4694135,534324324;7706765,7272157045
OPERADORA TESTE 252 LTDA;PR;172511357,07;3382575,6288235295;4031501,5841441117
OPERADORA TESTE 630 LTDA;PR;172228467,32;2327411,7205405403;4028175,4254477485
OPERADORA TESTE 63 LTDA;PE;171947305,28;1829226,6519148936;3815100,786143235
OPERADORA TESTE 698 LTDA;PE;169182525,41;1166776,0373103449;2210057,5344728227
OPERADORA TESTE 411 LTDA;BA;169087288,73;1050231,6070186335;2796996,7388254255
OPERADORA TESTE 605 LTDA;SP;167218890,51999998;5972103,232857143;6729847,908615626
OPERADORA TESTE 113 LTDA;PR;166661937,48;850316,0075510204;2429229,7202542406
OPERADORA TESTE 573 LTDA;MG;163703366,55;1860265,5289772728;3337799,692340316
OPERADORA TESTE 279 LTDA;RJ;161997456,5;3767382,7093023257;5615241,8741796
OPERADORA TESTE 179 LTDA;SC;161900304,67;2569846,1058730157;4324435,577655064
OPERADORA TESTE 548 LTDA;SP;161825168,63;821447,5564974619;2139036,3285021298
OPERADORA TESTE 663 LTDA;RJ;161486535,16;2374801,987647059;3550692,209081685
OPERADORA TESTE 636 LTDA;PE;159926989,56;3900658,28195122;6706653,373116607
OPERADORA TESTE 64 LTDA;SC;159575152,68;3711050,0623255814;5549513,062853353
OPERADORA TESTE 22 LTDA;PE;159510775,52;1015992,2007643313;2170885,44974056
OPERADORA TESTE 695 LTDA;SP;158202599,49;2775484,2015789477;3813746,4731603293
OPERADORA TESTE 77 LTDA;SP;157402980,44;1259223,8435199999;2301152,7493809094
OPERADORA TESTE 579 LTDA;SC;155599297,6;1969611,3620253163;4285246,035276047
OPERADORA TESTE 460 LTDA;RJ;154517441,89999998;5150581,396666666;11558559,706779877
OPERADORA TESTE 374 LTDA;BA;152384950,24;1928923,4207594937;3703558,242680282
OPERADORA TESTE 104 LTDA;PE;151756581,19;954443,9068553459;2332538,3987131617
OPERADORA TESTE 716 LTDA;SP;151123005,27;2963196,181764706;5154367,249934611
OPERADORA TESTE 551 LTDA;PR;150130733,2;1501307,332;3149530,851701079
OPERADORA TESTE 276 LTDA;BA;148983900,48;1752751,770352941;3492518,626042352
OPERADORA TESTE 424 LTDA;MG;148527028,14;1092110,5010294116;2192292,6678365082
OPERADORA TESTE 692 LTDA;PR;147624610,27;848417,3004022989;2704026,525362704
OPERADORA TESTE 498 LTDA;PE;146982574,18;6999170,1990476195;11641555,204663504
OPERADORA TESTE 565 LTDA;MG;145852069,39;3557367,546097561;4589095,040056536
OPERADORA TESTE 628 LTDA;PR;144683244,0;3078366,8936170214;3853700,3888124614
OPERADORA TESTE 566 LTDA;PE;144649590,58;1048185,4389855074;2246914,971409631
OPERADORA TESTE 384 LTDA;BA;143932671,99;3426968,380714286;4671727,52068701
OPERADORA TESTE 84 LTDA;RS;141137830,9;1764222,88625;3308812,5984257404
OPERADORA TESTE 120 LTDA;BA;139181527,25;6051370,75;7086903,681054568
OPERADORA TESTE 330 LTDA;PR;138698617,18;1075183,0789147287;1695061,9755667218
OPERADORA TESTE 500 LTDA;RS;137219606,7;2111070,872307692;3425304,4783952497
OPERADORA TESTE 707 LTDA;RS;137203521,35;1332073,022815534;2604102,9755984885
OPERADORA TESTE 56 LTDA;PE;135940636,12;1235823,9647272727;2665428,538786363
OPERADORA TESTE 341 LTDA;PE;135565921,4;1558228,9816091955;2748484,127794594
OPERADORA TESTE 703 LTDA;MG;135254239,92;1649441,9502439024;3125659,2720723
OPERADORA TESTE 720 LTDA;MG;134365009,06;1414368,5164210526;3075090,611699153
OPERADORA TESTE 456 LTDA;PE;133522046,47;1880592,2038028168;3707266,6693148445
OPERADORA TESTE 731 LTDA;RS;131323065,33;1876043,7904285714;3523139,680292978
OPERADORA TESTE 358 LTDA;PR;131123399,28;1120712,8143589743;2094463,4177198494
OPERADORA TESTE 667 LTDA;SC;130485763,66;2461995,540754717;4334413,508640074
OPERADORA TESTE 261 LTDA;RS;128700359,58;982445,4929770993;2045507,7054595272
OPERADORA TESTE 98 LTDA;PE;128519854,06;2519997,1384313726;3840475,429480402
OPERADORA TESTE 377 LTDA;RJ;127872906,39;1453101,2089772727;2788673,5929750893
OPERADORA TESTE 211 LTDA;PE;127835590,63;1486460,3561627907;3066809,6027275044
OPERADORA TESTE 24 LTDA;SC;126192533,54;901375,2395714286;2012320,8310420902
OPERADORA TESTE 466 LTDA;BA;125242283,78999999;1605670,305;3099107,4925692333
OPERADORA TESTE 355 LTDA;BA;124186868,96;739207,5533333333;1871256,109670007
OPERADORA TESTE 257 LTDA;MG;123949788,92999999;1318614,7758510637;2354737,391677693
OPERADORA TESTE 293 LTDA;SP;123664503,41;2169552,6914035087;3666382,932113773
OPERADORA TESTE 208 LTDA;PE;123322995,14999999;790532,0201923077;1887692,929524493
OPERADORA TESTE 449 LTDA;MG;120652010,3;1828060,762121212;2932083,555081924
OPERADORA TESTE 53 LTDA;PE;118692890,17999999;645070,0553260869;1715888,6534351227
OPERADORA TESTE 370 LTDA;PR;116695309,92999999;1070599,1736697247;2445643,203142486
OPERADORA TESTE 284 LTDA;SC;116437305,3;1323151,196590909;2651406,456711582
OPERADORA TESTE 484 LTDA;SP;114961334,08;1948497,1877966102;3975885,8529139464
OPERADORA TESTE 640 LTDA;RJ;114101416,42;1630020,2345714285;3591275,504694549
OPERADORA TESTE 561 LTDA;MG;114026744,95;1373816,2042168675;3289403,5502796015
OPERADORA TESTE 400 LTDA;RS;113781795,51;478074,7710504202;1244238,8216735215
OPERADORA TESTE 606 LTDA;SC;113612171,62;1385514,2880487805;2503266,6691649826
OPERADORA TESTE 709 LTDA;SC;113515463,25;1081099,65;2277226,5836834256
OPERADORA TESTE 471 LTDA;SC;112604158,46;1251157,316222222;2296508,0376157234
OPERADORA TESTE 553 LTDA;SC;111866511,21;669859,3485628742;1654983,0812336318
OPERADORA TESTE 714 LTDA;RS;110142767,72;6883922,9825;11182730,509187687
OPERADORA TESTE 635 LTDA;BA;107003952,84;1981554,6822222222;3259984,159950882
OPERADORA TESTE 49 LTDA;PR;106043053,78999999;1082071,9774489794;2330557,9130845047
OPERADORA TESTE 627 LTDA;MG;105892600,86;2715194,8938461537;3464667,263092016
OPERADORA TESTE 57 LTDA;PE;105352208,61;1816417,3898275862;3307825,7280054535
OPERADORA TESTE 123 LTDA;SC;104779706,89;2014994,3632692308;3211039,5132425916
OPERADORA TESTE 717 LTDA;PE;103498251,01;1326900,6539743592;1717923,5044825675
OPERADORA TESTE 653 LTDA;PE;103398149,84;915027,8746902655;2169540,21165794
OPERADORA TESTE 557 LTDA;PR;103374594,06;1202030,1634883722;2117112,0458808895
OPERADORA TESTE 130 LTDA;PR;103288461,18;1454767,0588732394;2902320,483932095
OPERADORA TESTE 531 LTDA;BA;102389445,42999999;2497303,5470731705;4764910,499058636
OPERADORA TESTE 422 LTDA;SC;102327131,27;1232857,003253012;2253311,0660445243
OPERADORA TESTE 315 LTDA;BA;102189351,22;5109467,561;7270435,76172937
OPERADORA TESTE 378 LTDA;SC;101774820,36;2907852,010285714;3942598,07493064
OPERADORA TESTE 632 LTDA;RJ;101673854,89;1355651,3985333333;2170299,3216179525
OPERADORA TESTE 312 LTDA;MG;101456886,13;1878831,2246296296;3263281,092281833
OPERADORA TESTE 136 LTDA;RS;101182342,16;2975951,2399999998;4114610,6344305878
OPERADORA TESTE 342 LTDA;SP;99651322,97;638790,5318589744;1152955,8071661922
OPERADORA TESTE 730 LTDA;SC;98572126,02;1280157,4807792208;2254492,3660295787
OPERADORA TESTE 381 LTDA;RJ;98451437,17;2660849,653243243;3882602,3343792395
OPERADORA TESTE 463 LTDA;BA;98240869,25;1444718,6654411764;2101833,215441687
OPERADORA TESTE 332 LTDA;SP;98092841,5;2087081,7340425532;2956727,949966942
OPERADORA TESTE 451 LTDA;RS;98031029,12;1815389,4281481483;2675152,1493173908
OPERADORA TESTE 51 LTDA;BA;97713423,54;1017848,1618750001;2055738,4850390747
OPERADORA TESTE 88 LTDA;RS;97410980,18;1411753,335942029;2185570,1144469595
OPERADORA TESTE 325 LTDA;RJ;97189711,61;1593273,960819672;2697168,363306687
OPERADORA TESTE 199 LTDA;SP;97064880,06;942377,4763106797;1440080,0919933156
OPERADORA TESTE 683 LTDA;MG;94820280,4;2312689,765853659;3315649,762791998
OPERADORA TESTE 439 LTDA;MG;91959401,85;2357933,3807692304;4307767,827596246
OPERADORA TESTE 133 LTDA;RJ;91411077,58;1364344,4414925373;2874830,886810604
OPERADORA TESTE 134 LTDA;SP;91126624,34;1199034,5307894738;1847625,1235068312
OPERADORA TESTE 237 LTDA;PR;89971574,33;1183836,5043421052;2583833,5154691515
OPERADORA TESTE 705 LTDA;RS;89445435,85;1118067,9481249999;2079637,6471560204
OPERADORA TESTE 285 LTDA;PE;85736738,99;546093,8789171975;1342221,4528963922
OPERADORA TESTE 441 LTDA;BA;85486843,98;2757640,128387097;3112406,7011637804
OPERADORA TESTE 353 LTDA;MG;85466704,52;837908,8678431372;1501679,6039724748
OPERADORA TESTE 660 LTDA;PR;85457051,6;373174,8978165939;819859,4539171641
OPERADORA TESTE 736 LTDA;BA;85352980,77;1094268,984230769;1903548,2474295963
OPERADORA TESTE 89 LTDA;PR;83520671,5;588173,7429577465;1380503,0072581382
OPERADORA TESTE 219 LTDA;SP;82585377,26;2014277,4941463417;2674694,6612402964
OPERADORA TESTE 755 LTDA;RJ;82230117,06;1827335,9346666667;2691720,618251906
OPERADORA TESTE 343 LTDA;SP;78751194,68;570660,8310144928;1160586,182538382
OPERADORA TESTE 18 LTDA;SC;78652337,76;893776,5654545455;2101457,8576482492
OPERADORA TESTE 718 LTDA;RJ;78188760,35;717328,0766055045;1462468,9417951026
OPERADORA TESTE 327 LTDA;BA;78084318,06;1041124,2408;2130606,0354100387
OPERADORA TESTE 161 LTDA;SP;77771033,74000001;1896854,4814634148;2667093,2203403977
OPERADORA TESTE 675 LTDA;BA;76574424,8;797650,2583333333;1398819,817135404
OPERADORA TESTE 329 LTDA;MG;75045015,96;664115,1854867256;1284148,4495214752
OPERADORA TESTE 690 LTDA;PR;74075904,29;771624,0030208334;1451500,9375521643
OPERADORA TESTE 616 LTDA;SP;73089863,92;974531,5189333333;1899260,3514859919
OPERADORA TESTE 749 LTDA;RS;70370938,58;977374,1469444444;1864189,3264021694
OPERADORA TESTE 116 LTDA;SC;69765344,5;1661079,630952381;2552744,746373811
OPERADORA TESTE 654 LTDA;PE;69328859,91;1260524,7256363635;1624453,0059049306
OPERADORA TESTE 723 LTDA;SC;69208112,13;1472513,024042553;2451206,616751848
OPERADORA TESTE 410 LTDA;RJ;69155289,37;1016989,5495588236;1854414,3192156877
OPERADORA TESTE 650 LTDA;PR;69014699,76;639024,9977777778;1200601,547705132
OPERADORA TESTE 423 LTDA;RJ;68316493,39;1019649,1550746269;1504540,5513802238
OPERADORA TESTE 11 LTDA;SC;67141048,53;1766869,6981578947;2689551,0404358674
OPERADORA TESTE 446 LTDA;SP;67041421,980000004;1396696,29125;2289992,410494811
OPERADORA TESTE 429 LTDA;RS;67003316,92;603633,4857657658;1129072,4090912268
OPERADORA TESTE 461 LTDA;RS;66856151,24;1485692,2497777778;2276552,8366906703
OPERADORA TESTE 147 LTDA;SC;66507580,51;1797502,1759459458;2830199,5659435974
OPERADORA TESTE 193 LTDA;RJ;66321182,1;2456340,077777778;2424589,7921680706
OPERADORA TESTE 274 LTDA;SP;66226822,9;3153658,2333333334;3341176,911407701
OPERADORA TESTE 9 LTDA;SP;65918706,03;1690223,2315384615;2208390,3489260618
OPERADORA TESTE 227 LTDA;MG;64315795,91;1568677,9490243902;2340734,9165913165
OPERADORA TESTE 482 LTDA;BA;63741619,15;584785,4967889908;1274854,7438212514
OPERADORA TESTE 726 LTDA;RS;63436053,55;653979,9335051546;1157181,8664061748
OPERADORA TESTE 17 LTDA;PE;62101843,71;1678428,2083783783;2371168,7204696806
OPERADORA TESTE 112 LTDA;PE;62073452,89;1633511,9181578949;2223595,799216518
OPERADORA TESTE 602 LTDA;SC;61336170,910000004;1022269,5151666667;1635794,27977513
OPERADORA TESTE 457 LTDA;SC;59781537,7;964218,3500000001;1161841,4701669596
OPERADORA TESTE 541 LTDA;BA;59466925,14;772297,7290909091;1073801,5486357857
OPERADORA TESTE 269 LTDA;BA;59347616,839999996;652171,6136263736;904364,2991319163
OPERADORA TESTE 757 LTDA;MG;58556140,980000004;914939,7028125001;1806602,5850026084
OPERADORA TESTE 397 LTDA;SC;58366683,42;1496581,6261538463;2125358,884797367
OPERADORA TESTE 142 LTDA;BA;58242093,58;1764911,9266666665;2306397,716165794
OPERADORA TESTE 480 LTDA;PE;57949490,78;839847,6924637682;1690562,6320761773
OPERADORA TESTE 194 LTDA;BA;57062672,05;935453,6401639343;1077375,8905492865
OPERADORA TESTE 91 LTDA;MG;56240503,18;1249788,9595555556;1882821,9439031254
OPERADORA TESTE 413 LTDA;BA;55663477,78;830798,1758208956;1238356,7682554347
OPERADORA TESTE 499 LTDA;BA;55186189,54;557436,257979798;1159654,7114884607
OPERADORA TESTE 528 LTDA;SP;54940332,88;2616206,327619048;2464098,323010727
OPERADORA TESTE 629 LTDA;RJ;54577998,04;957508,7375438596;1600610,3507424626
OPERADORA TESTE 426 LTDA;PE;53994818,54;1018770,1611320755;3557425,449184353
OPERADORA TESTE 128 LTDA;SP;52070141,81;1001348,8809615385;1557960,6800063695
OPERADORA TESTE 483 LTDA;SC;51897937,72;1365735,2031578948;1938928,9299901035
OPERADORA TESTE 758 LTDA;BA;51573740,76;845471,1599999999;1273367,548684235
OPERADORA TESTE 238 LTDA;SP;51194843,23;1003820,455490196;1750892,352225343
OPERADORA TESTE 266 LTDA;MG;50182413,76;880393,223859649;3577185,168930752
OPERADORA TESTE 226 LTDA;PE;50125885,61000001;911379,7383636365;1999076,2400213568
OPERADORA TESTE 555 LTDA;RJ;45645954,49;1037408,0565909091;1556237,7662159258
OPERADORA TESTE 119 LTDA;MG;45342394,74;1462657,8948387098;940835,5755988185
OPERADORA TESTE 300 LTDA;PR;44614996,71;1143974,2746153846;823057,9537910549
OPERADORA TESTE 321 LTDA;PE;44306433,19;984587,4042222222;1004152,871428109
OPERADORA TESTE 97 LTDA;MG;44277968,66;546641,5883950617;734083,6539127153
OPERADORA TESTE 1 LTDA;MG;43978800,58;1418670,9864516128;2012816,9962107262
OPERADORA TESTE 125 LTDA;BA;43624808,61;1283082,6061764706;966019,6598069291
OPERADORA TESTE 148 LTDA;RS;42887130,839999996;752405,8042105263;1316248,718996078
OPERADORA TESTE 86 LTDA;SP;42407197,97;333914,94464566925;580869,5965933992
OPERADORA TESTE 481 LTDA;SP;42143990,35;957817,9625;1249940,5275996167
OPERADORA TESTE 523 LTDA;SP;40711180,89;1357039,3630000001;1411330,9384946513
OPERADORA TESTE 760 LTDA;PE;40587452,29;751619,4868518518;1318376,51463603
OPERADORA TESTE 740 LTDA;PR;40314534,449999996;937547,3127906976;1256303,9494351777
OPERADORA TESTE 366 LTDA;PE;39975372,019999996;1175746,2358823528;1692282,2401830857
OPERADORA TESTE 474 LTDA;RS;39793193,04;1170388,0305882352;1703390,864303308
OPERADORA TESTE 232 LTDA;SP;39350757,65;983768,9412499999;1207297,4110579188
OPERADORA TESTE 362 LTDA;RJ;38338591,85;1064960,8847222223;1353426,5767660474
OPERADORA TESTE 150 LTDA;PR;37268531,51;2192266,5594117646;2513357,0557819703
OPERADORA TESTE 527 LTDA;SP;37140270,03;538264,7830434783;900652,3991643712
OPERADORA TESTE 190 LTDA;RJ;37036775,83;607160,2595081967;1070475,6908208134
OPERADORA TESTE 111 LTDA;BA;36924558,410000004;551112,8120895523;900972,9555910456
OPERADORA TESTE 476 LTDA;MG;36489349,45;499854,10205479455;824902,6915364368
OPERADORA TESTE 495 LTDA;MG;35775179,67;577019,0269354839;842943,9553599299
OPERADORA TESTE 390 LTDA;BA;34896980,7;918341,5973684211;1388485,8413847426
OPERADORA TESTE 443 LTDA;RJ;34724961,21;542577,51890625;1036570,1220599089
OPERADORA TESTE 626 LTDA;PE;34584969,79;411725,8308333333;888612,45571812
OPERADORA TESTE 67 LTDA;PE;34374176,22;354372,95072164945;547063,6747834836
OPERADORA TESTE 365 LTDA;RJ;33776998,949999996;1688849,9474999998;1613688,2509768226
OPERADORA TESTE 587 LTDA;RJ;33117602,23;363929,6948351648;609533,0381434726
OPERADORA TESTE 746 LTDA;BA;33080645,39;806845,0095121951;1279022,1903547035
OPERADORA TESTE 5 LTDA;PE;32829974,26;800731,0795121952;1470127,8674008916
OPERADORA TESTE 459 LTDA;SP;32293306,28;1467877,5581818183;3213839,112068579
OPERADORA TESTE 662 LTDA;MG;32145913,96;595294,702962963;675324,069152783
OPERADORA TESTE 393 LTDA;SP;31814075,900000002;795351,8975000001;1067988,697267751
OPERADORA TESTE 603 LTDA;RJ;31235364,509999998;821983,2765789473;1076839,7531287759
OPERADORA TESTE 35 LTDA;RJ;31080864,82;888024,7091428571;1102328,5605957243
OPERADORA TESTE 659 LTDA;SC;30917700,71;835613,5327027027;1181173,896201538
OPERADORA TESTE 114 LTDA;SP;30385523,220000003;741110,3224390245;1035290,3248187704
OPERADORA TESTE 75 LTDA;MG;30149937,47;942185,5459375;1036519,3125673868
OPERADORA TESTE 454 LTDA;SP;29953097,55;966228,9532258065;1137608,310822647
OPERADORA TESTE 160 LTDA;PR;28994469,78;1380689,0371428572;1179602,0473808043
OPERADORA TESTE 230 LTDA;SC;28686418,72;683009,9695238095;852532,7156431013
OPERADORA TESTE 591 LTDA;RS;28008820,89;965821,41;780108,9836423966
OPERADORA TESTE 751 LTDA;PE;27721533,63;504027,88418181817;948161,8511081176
OPERADORA TESTE 567 LTDA;PR;27328100,89;1438321,0994736843;1326921,0748875928
OPERADORA TESTE 137 LTDA;SP;27272401,4;349646,1717948718;505574,5930047417
OPERADORA TESTE 562 LTDA;RS;26918358,06;791716,4135294118;906570,9827275227
OPERADORA TESTE 465 LTDA;SC;26117298,71;687297,3344736842;986307,0121930672
OPERADORA TESTE 175 LTDA;SC;25884388,02;410863,3019047619;675290,5201297917
OPERADORA TESTE 158 LTDA;MG;25844456,39;630352,5948780488;1038694,9623786892
OPERADORA TESTE 244 LTDA;PE;25285852,03;459742,76418181823;779829,0123401681
OPERADORA TESTE 599 LTDA;SP;25210569,19;614891,9314634147;1052994,8497857277
OPERADORA TESTE 473 LTDA;PE;24553114,13;318871,61207792204;602689,997220019
OPERADORA TESTE 754 LTDA;BA;23128633,330000002;308381,77773333335;640537,3935864368
OPERADORA TESTE 270 LTDA;SP;23080414,5;824300,5178571428;731632,5451480764
OPERADORA TESTE 163 LTDA;PR;23044757,6;921790,304;952480,5829369351
OPERADORA TESTE 143 LTDA;MG;22526297,32;375438,28866666666;710421,5361550822
OPERADORA TESTE 485 LTDA;PE;22313789,44;333041,63343283586;478915,3822852886
OPERADORA TESTE 234 LTDA;MG;21916037,72;270568,3669135802;494303,5349656624
OPERADORA TESTE 258 LTDA;SC;21088536,08;319523,2739393939;336911,44405435695
OPERADORA TESTE 505 LTDA;BA;20960717,95;1310044,871875;2247746,3092959933
OPERADORA TESTE 61 LTDA;PR;20702360,95;713874,5155172413;2145233,459332992
OPERADORA TESTE 464 LTDA;PR;20648824,06;333045,5493548387;351666,54545963916
OPERADORA TESTE 396 LTDA;SP;20556812,94;734171,8907142858;784916,8519829223
OPERADORA TESTE 307 LTDA;SC;20497400,4;386743,40377358487;596315,4690515082
OPERADORA TESTE 402 LTDA;MG;20375478,77;318366,85578125;330936,1308800473
OPERADORA TESTE 318 LTDA;SC;19946636,74;306871,3344615384;476890,9302681751
OPERADORA TESTE 759 LTDA;RJ;19684153,87;504721,89410256414;743732,3964743008
OPERADORA TESTE 676 LTDA;SP;19609109,34;933767,1114285714;706880,2147746074
OPERADORA TESTE 205 LTDA;SP;19401502,1;2425187,7625;1163417,2933000904
OPERADORA TESTE 440 LTDA;BA;19387025,16;450861,05023255816;660351,8741182291
OPERADORA TESTE 82 LTDA;PR;19339605,32;552560,152;818378,4001950561
OPERADORA TESTE 249 LTDA;SC;19222174,990000002;427159,44422222226;548714,175213433
OPERADORA TESTE 447 LTDA;BA;19148606,87;547103,0534285714;655933,3316022316
OPERADORA TESTE 745 LTDA;SC;18873957,28;294905,5825;504412,0259677773
OPERADORA TESTE 379 LTDA;PR;18492128,97;451027,5358536585;620849,3325941528
OPERADORA TESTE 184 LTDA;PE;18409769,18;2301221,1475;3346521,641389857
OPERADORA TESTE 569 LTDA;SC;17476582,98;699063,3192;597722,6351120913
OPERADORA TESTE 38 LTDA;MG;17426689,759999998;2904448,293333333;2834655,592183688
OPERADORA TESTE 490 LTDA;BA;17312685,03;1082042,814375;1057155,3369696634
OPERADORA TESTE 435 LTDA;RS;17167938,31;260120,2774242424;466756,8936206704
OPERADORA TESTE 131 LTDA;MG;17154124,97;816863,0938095237;564452,7508423991
OPERADORA TESTE 601 LTDA;PE;16889342,49;318666,83943396225;457541,9903231046
OPERADORA TESTE 138 LTDA;PR;16767480,690000001;1397290,0575;821108,4711062337
OPERADORA TESTE 578 LTDA;MG;16546456,2;1103097,0799999998;838313,814809959
OPERADORA TESTE 412 LTDA;RS;16306066,03;254782,28171875;341495,73885086115
OPERADORA TESTE 430 LTDA;SP;16074444,67;518530,47322580643;445643,1850832301
OPERADORA TESTE 589 LTDA;SC;15918465,37;548912,5989655172;254394,14348974227
OPERADORA TESTE 753 LTDA;RS;15454265,76;266452,85793103446;491641,2747339119
OPERADORA TESTE 181 LTDA;SC;15265760,16;448992,94588235294;507096,8308315107
OPERADORA TESTE 146 LTDA;RS;15008312,32;288621,3907692308;465767,95790549373
OPERADORA TESTE 669 LTDA;BA;14899402,61;677245,5731818181;1684072,3556829295
OPERADORA TESTE 597 LTDA;PR;13581047,290000001;246928,13254545457;424169,68061994127
OPERADORA TESTE 619 LTDA;MG;13068965,99;311165,8569047619;400713,57425310183
OPERADORA TESTE 493 LTDA;PE;12785580,77;440882,09551724134;306139,07600203285
OPERADORA TESTE 145 LTDA;SP;12281272,49;372159,77242424246;371711,52861543244
OPERADORA TESTE 176 LTDA;MG;12190234,64;580487,3638095239;556373,6880727853
OPERADORA TESTE 526 LTDA;SP;11908135,6;258872,51304347825;338249,09221450484
OPERADORA TESTE 611 LTDA;RJ;11828601,47;295715,03675;436534,0127177585
OPERADORA TESTE 432 LTDA;RJ;11825714,65;223126,69150943396;271687,3556177779
OPERADORA TESTE 772 LTDA;RS;11744398,030000001;690846,9429411766;947964,5565191265
OPERADORA TESTE 420 LTDA;PE;11573738,93;296762,5366666667;370607,89231691184
OPERADORA TESTE 152 LTDA;PR;11541274,17;226299,49352941176;676919,6129106286
OPERADORA TESTE 319 LTDA;PR;11397405,97;247769,695;354776,6859518817
OPERADORA TESTE 326 LTDA;BA;11387269,81;253050,44022222224;382101,83736237424
OPERADORA TESTE 766 LTDA;PE;11289612,81;403200,4575;453658,07989282894
OPERADORA TESTE 121 LTDA;PR;10707702,08;428308,0832;483933,8028348133
OPERADORA TESTE 19 LTDA;RS;10652089,25;887674,1041666666;656248,8869118949
OPERADORA TESTE 388 LTDA;PE;10180553,44;290872,95542857144;379816,2106085443
OPERADORA TESTE 780 LTDA;RJ;10122004,53;595412,0311764706;444246,7532845892
OPERADORA TESTE 568 LTDA;PR;10082710,74;672180,716;464203,88777253544
OPERADORA TESTE 540 LTDA;PR;9874468,59;379787,25346153846;332800,4029252167
OPERADORA TESTE 609 LTDA;PR;9789968,39;466188,970952381;339142,43373550713
OPERADORA TESTE 455 LTDA;RS;9606749,85;246326,9192307692;230852,09173698694
OPERADORA TESTE 444 LTDA;RS;9430223,39;157170,38983333335;259809,50660596899
OPERADORA TESTE 624 LTDA;MG;9418119,7;277003,5205882353;345340,7381197851
OPERADORA TESTE 469 LTDA;MG;9398594,76;162044,7372413793;180868,83381552238
OPERADORA TESTE 162 LTDA;SP;9200819,31;191683,735625;160541,83418284534
OPERADORA TESTE 621 LTDA;BA;9148901,96;190602,12416666668;295583,8532532861
OPERADORA TESTE 102 LTDA;MG;9040977,29;531822,1935294117;448498,4805440261
OPERADORA TESTE 510 LTDA;PR;8652265,77;254478,405;290285,19259784586
OPERADORA TESTE 509 LTDA;MG;8048641,37;167680,02854166666;231851,1901676509
OPERADORA TESTE 576 LTDA;RS;8028316,84;382300,8019047619;400272,6582315252
OPERADORA TESTE 316 LTDA;PR;7795129,59;152845,67823529412;232740,04693462522
OPERADORA TESTE 752 LTDA;PR;7585449,55;303417,982;234749,19203413767
OPERADORA TESTE 255 LTDA;SP;7507348,66;102840,39260273972;142137,71032955084
OPERADORA TESTE 508 LTDA;RS;7233656,84;103337,95485714286;200805,50715799976
OPERADORA TESTE 585 LTDA;PE;6874396,8;361810,3578947368;351287,2200473906
OPERADORA TESTE 139 LTDA;BA;6465863,9;161646,5975;228039,48551552126
OPERADORA TESTE 631 LTDA;SC;5759885,09;75787,96171052632;126795,60730944193
OPERADORA TESTE 304 LTDA;PR;5033715,01;69912,70847222222;113343,94302521468
OPERADORA TESTE 708 LTDA;SP;4728406,88;124431,76;180568,8721707959
OPERADORA TESTE 486 LTDA;PR;4717927,0200000005;196580,2925;127344,21443418192
OPERADORA TESTE 724 LTDA;SP;4368404,87;89151,11979591836;93280,8816413476
OPERADORA TESTE 594 LTDA;RS;4162994,98;189227,04454545456;253661,36514938952
OPERADORA TESTE 622 LTDA;RJ;3511730,51;106416,07606060605;85506,66796551687
OPERADORA TESTE 513 LTDA;PE;3366396,84;153018,03818181818;215316,32226024667
OPERADORA TESTE 467 LTDA;MG;3136644,17;49788,002698412696;67686,52284766757
OPERADORA TESTE 99 LTDA;SC;2921151,71;97371,72366666667;114838,18226472521
OPERADORA TESTE 364 LTDA;BA;2627737,41;131386,87050000002;123525,26417535452
OPERADORA TESTE 442 LTDA;SC;2353761,09;117688,0545;89551,5921876976
OPERADORA TESTE 524 LTDA;RJ;2136967,45;2136967,45;
OPERADORA TESTE 558 LTDA;RS;2093322,23;72183,52517241379;59465,22697071534
OPERADORA TESTE 187 LTDA;BA;1934794,6;43972,604545454546;50969,43476406362
OPERADORA TESTE 598 LTDA;SC;1714229,1;155839,0090909091;341743,71469069645
OPERADORA TESTE 721 LTDA;BA;1665133,32;92507,40666666668;141553,4077274819
OPERADORA TESTE 246 LTDA;PE;1664657,56;138721,46333333335;8839,054529683322
OPERADORA TESTE 577 LTDA;PE;1356091,45;79770,08529411764;65526,5062021665
OPERADORA TESTE 287 LTDA;BA;949613,53;23740,33825;24266,761610836726
OPERADORA TESTE 450 LTDA;RS;880030,69;28388,086774193547;26625,265218354212
OPERADORA TESTE 308 LTDA;RS;750585,15;25882,24655172414;28768,875787182165
OPERADORA TESTE 247 LTDA;BA;657085,98;657085,98;
OPERADORA TESTE 517 LTDA;SP;644137,37;23004,90607142857;19253,651705494696
OPERADORA TESTE 323 LTDA;BA;368695,32;61449,22;3567,8542262598135
OPERADORA TESTE 633 LTDA;BA;255160,19;127580,095;29170,707379425163
OPERADORA TESTE 572 LTDA;BA;226145,66000000003;113072,83000000002;65536,86265352654
OPERADORA TESTE 320 LTDA;SC;204502,87;11361,270555555555;8692,77456165851
OPERADORA TESTE 613 LTDA;SC;147062,34;73531,17;58103,52989552356
OPERADORA TESTE 30 LTDA;RS;124787,8;17826,82857142857;4739,32698373383
OPERADORA TESTE 253 LTDA;SP;107240,91;11915,656666666668;2128,956257958345
OPERADORA TESTE 768 LTDA;RJ;54184,5;6020,5;0,0
OPERADORA TESTE 612 LTDA;RJ;52282,7;8713,783333333333;4588,495001704444
OPERADORA TESTE 623 LTDA;SP;42624,82;21312,41;7690,71962635487
OPERADORA TESTE 574 LTDA;BA;33000,0;16500,0;18384,776310850237
OPERADORA TESTE 761 LTDA;PR;22777,38;22777,38;
OPERADORA TESTE 448 LTDA;RS;17698,59;8849,295;1608,3780134191093
OPERADORA TESTE 529 LTDA;RJ;14974,34;575,9361538461538;1548,2987076170461
OPERADORA TESTE 580 LTDA;PR;9636,4;4818,2;101,69609727024906
OPERADORA TESTE 764 LTDA;PR;5500,6;5500,6;
OPERADORA TESTE 600 LTDA;PE;2152,5;1076,25;404,81863222929843
OPERADORA TESTE 762 LTDA;RS;1007,82;1007,82;
OPERADORA TESTE 592 LTDA;BA;3,0;1,0;0,0
OPERADORA TESTE 776 LTDA;RS;0,12;0,02;0,0
